"Label (Grouping)","United States!!Estimate","United States!!Margin of Error","Alabama!!Estimate","Alabama!!Margin of Error","Alaska!!Estimate","Alaska!!Margin of Error","Arizona!!Estimate","Arizona!!Margin of Error","Arkansas!!Estimate","Arkansas!!Margin of Error","California!!Estimate","California!!Margin of Error","Colorado!!Estimate","Colorado!!Margin of Error","Connecticut!!Estimate","Connecticut!!Margin of Error","Delaware!!Estimate","Delaware!!Margin of Error","District of Columbia!!Estimate","District of Columbia!!Margin of Error","Florida!!Estimate","Florida!!Margin of Error","Georgia!!Estimate","Georgia!!Margin of Error","Hawaii!!Estimate","Hawaii!!Margin of Error","Idaho!!Estimate","Idaho!!Margin of Error","Illinois!!Estimate","Illinois!!Margin of Error","Indiana!!Estimate","Indiana!!Margin of Error","Iowa!!Estimate","Iowa!!Margin of Error","Kansas!!Estimate","Kansas!!Margin of Error","Kentucky!!Estimate","Kentucky!!Margin of Error","Louisiana!!Estimate","Louisiana!!Margin of Error","Maine!!Estimate","Maine!!Margin of Error","Maryland!!Estimate","Maryland!!Margin of Error","Massachusetts!!Estimate","Massachusetts!!Margin of Error","Michigan!!Estimate","Michigan!!Margin of Error","Minnesota!!Estimate","Minnesota!!Margin of Error","Mississippi!!Estimate","Mississippi!!Margin of Error","Missouri!!Estimate","Missouri!!Margin of Error","Montana!!Estimate","Montana!!Margin of Error","Nebraska!!Estimate","Nebraska!!Margin of Error","Nevada!!Estimate","Nevada!!Margin of Error","New Hampshire!!Estimate","New Hampshire!!Margin of Error","New Jersey!!Estimate","New Jersey!!Margin of Error","New Mexico!!Estimate","New Mexico!!Margin of Error","New York!!Estimate","New York!!Margin of Error","North Carolina!!Estimate","North Carolina!!Margin of Error","North Dakota!!Estimate","North Dakota!!Margin of Error","Ohio!!Estimate","Ohio!!Margin of Error","Oklahoma!!Estimate","Oklahoma!!Margin of Error","Oregon!!Estimate","Oregon!!Margin of Error","Pennsylvania!!Estimate","Pennsylvania!!Margin of Error","Rhode Island!!Estimate","Rhode Island!!Margin of Error","South Carolina!!Estimate","South Carolina!!Margin of Error","South Dakota!!Estimate","South Dakota!!Margin of Error","Tennessee!!Estimate","Tennessee!!Margin of Error","Texas!!Estimate","Texas!!Margin of Error","Utah!!Estimate","Utah!!Margin of Error","Vermont!!Estimate","Vermont!!Margin of Error","Virginia!!Estimate","Virginia!!Margin of Error","Washington!!Estimate","Washington!!Margin of Error","West Virginia!!Estimate","West Virginia!!Margin of Error","Wisconsin!!Estimate","Wisconsin!!Margin of Error","Wyoming!!Estimate","Wyoming!!Margin of Error","Puerto Rico!!Estimate","Puerto Rico!!Margin of Error"
"Total:","324,818,565","±10,001","4,920,010","±1,113","709,438","±936","6,976,512","±1,163","2,955,770","±678","38,946,377","±3,032","5,629,512","±1,384","3,556,794","±635","966,239","±646","673,717","±341","21,027,201","±2,548","10,438,528","±2,194","1,395,191","±1,172","1,789,734","±615","12,646,857","±830","6,655,804","±743","3,138,332","±457","2,875,459","±1,046","4,416,344","±643","4,555,079","±1,003","1,342,021","±321","6,049,675","±1,257","6,922,305","±655","9,959,489","±515","5,614,768","±622","2,902,113","±846","6,035,976","±916","1,063,595","±308","1,923,866","±498","3,022,441","±984","1,356,149","±404","9,129,337","±842","2,073,219","±855","19,878,007","±1,033","10,168,317","±2,084","756,614","±626","11,601,893","±800","3,869,212","±899","4,167,351","±586","12,771,301","±758","1,075,869","±456","4,984,554","±1,445","865,054","±333","6,756,567","±1,267","28,410,863","±2,693","3,205,178","±616","635,583","±213","8,357,984","±2,341","7,502,835","±1,957","1,773,559","±457","5,802,929","±483","567,043","±440","3,285,816","±517"
"    Male:","159,583,939","±11,832","2,373,205","±1,580","362,401","±977","3,448,100","±1,853","1,448,406","±1,391","19,310,591","±3,088","2,821,966","±1,760","1,736,730","±1,006","465,493","±659","318,165","±430","10,250,191","±3,023","5,041,339","±3,434","685,126","±1,157","896,085","±961","6,214,426","±1,582","3,280,653","±1,419","1,565,744","±1,099","1,427,347","±1,559","2,169,289","±1,546","2,201,516","±1,827","659,461","±631","2,922,279","±1,403","3,371,221","±1,101","4,911,030","±1,324","2,805,518","±1,261","1,392,625","±1,806","2,956,899","±1,791","536,410","±673","960,755","±925","1,512,492","±1,019","674,094","±683","4,467,851","±1,222","1,019,297","±1,461","9,663,111","±1,686","4,909,766","±2,591","386,181","±803","5,692,841","±1,820","1,906,101","±1,266","2,066,053","±1,144","6,260,932","±1,548","524,692","±604","2,402,434","±1,868","435,629","±775","3,288,180","±2,023","14,043,697","±4,019","1,614,445","±875","315,100","±484","4,068,437","±2,634","3,743,802","±2,164","877,941","±1,024","2,889,534","±1,136","288,358","±818","1,553,991","±1,018"
"        Under 6 years:","11,956,599","±10,394","181,259","±1,588","31,415","±537","253,256","±2,012","115,240","±1,276","1,446,299","±4,253","199,839","±1,294","112,449","±1,116","33,265","±648","25,529","±504","683,908","±3,570","397,634","±2,335","53,974","±721","71,529","±1,023","457,408","±2,032","256,748","±1,937","121,061","±1,171","116,488","±1,191","167,686","±1,450","180,753","±1,845","39,947","±710","221,824","±1,518","220,392","±1,313","350,036","±1,668","216,306","±1,453","111,521","±1,398","226,169","±1,726","37,239","±676","81,009","±869","111,989","±1,020","39,511","±687","328,093","±1,975","74,922","±1,013","703,843","±2,752","366,501","±2,369","32,959","±642","420,710","±2,313","156,942","±1,105","139,179","±1,240","432,757","±1,570","34,032","±690","174,303","±1,492","36,712","±665","248,455","±1,843","1,205,313","±3,870","151,929","±1,368","18,265","±364","308,086","±1,910","278,482","±2,021","57,700","±831","204,295","±1,454","21,438","±605","77,482","±1,114"
"            With health insurance coverage","11,437,682","±13,133","175,457","±1,807","28,716","±643","235,267","±2,211","110,205","±1,479","1,409,919","±4,991","192,182","±1,346","109,957","±1,223","31,946","±694","25,088","±520","647,693","±4,207","376,230","±2,651","52,639","±768","67,723","±981","444,355","±2,239","242,154","±2,233","117,474","±1,198","111,392","±1,199","160,592","±1,614","174,787","±2,135","38,119","±769","214,358","±1,733","217,089","±1,450","340,237","±1,810","210,828","±1,575","106,520","±1,393","214,017","±2,020","35,241","±650","77,314","±962","105,523","±1,151","38,191","±719","318,288","±2,303","71,945","±1,166","686,656","±2,822","350,363","±2,708","30,275","±702","401,984","±2,432","146,311","±1,204","134,716","±1,294","412,918","±1,801","33,038","±687","166,903","±1,730","34,808","±710","237,728","±1,911","1,101,765","±4,945","142,181","±1,700","17,928","±379","295,017","±2,239","271,223","±2,035","56,396","±894","196,572","±1,620","19,454","±594","75,429","±1,096"
"            No health insurance coverage","518,917","±8,084","5,802","±668","2,699","±375","17,989","±1,390","5,035","±675","36,380","±2,020","7,657","±882","2,492","±536","1,319","±314","441","±207","36,215","±2,359","21,404","±1,331","1,335","±369","3,806","±485","13,053","±1,147","14,594","±1,114","3,587","±405","5,096","±508","7,094","±755","5,966","±1,035","1,828","±336","7,466","±756","3,303","±612","9,799","±767","5,478","±451","5,001","±572","12,152","±970","1,998","±264","3,695","±523","6,466","±723","1,320","±300","9,805","±1,008","2,977","±532","17,187","±1,273","16,138","±1,108","2,684","±443","18,726","±1,086","10,631","±726","4,463","±658","19,839","±1,200","994","±449","7,400","±839","1,904","±300","10,727","±1,237","103,548","±3,746","9,748","±820","337","±117","13,069","±1,181","7,259","±1,011","1,304","±314","7,723","±625","1,984","±459","2,053","±420"
"        6 to 18 years:","28,212,985","±17,009","425,727","±2,118","66,986","±724","620,880","±2,990","267,551","±1,842","3,419,184","±5,542","484,889","±2,127","295,062","±1,433","78,955","±904","41,953","±680","1,618,157","±4,539","971,427","±3,376","114,399","±850","176,052","±1,367","1,103,285","±2,542","606,919","±2,313","280,443","±1,449","271,420","±1,585","384,770","±1,995","410,598","±2,234","98,807","±893","519,171","±2,243","542,448","±1,757","837,621","±2,272","498,605","±1,930","269,598","±1,854","524,559","±2,142","89,720","±866","183,168","±1,135","260,719","±1,415","103,556","±831","771,253","±2,525","187,037","±1,332","1,579,091","±3,491","881,791","±2,980","68,015","±915","1,003,230","±2,899","360,909","±1,376","336,139","±1,747","1,037,632","±2,331","82,444","±900","423,565","±2,210","80,476","±728","580,104","±2,263","2,804,819","±4,929","360,324","±1,807","48,791","±559","719,222","±2,210","628,805","±2,529","142,348","±1,308","498,543","±2,009","51,818","±698","249,431","±1,200"
"            With health insurance coverage","26,595,458","±19,768","409,681","±2,608","60,626","±873","564,231","±3,808","252,319","±2,136","3,293,585","±6,432","458,367","±2,441","285,555","±1,587","75,861","±1,028","40,940","±677","1,482,648","±5,583","892,066","±3,952","111,539","±867","165,661","±1,533","1,064,373","±3,105","568,770","±2,753","272,374","±1,524","256,614","±1,845","367,654","±2,665","392,585","±2,450","93,395","±1,099","498,494","±2,493","533,730","±1,848","810,990","±2,788","480,252","±2,102","252,825","±2,017","492,004","±2,606","83,465","±1,014","173,108","±1,199","238,150","±2,035","100,195","±952","738,216","±2,992","175,345","±1,611","1,538,589","±3,907","827,751","±4,250","63,301","±1,093","955,922","±3,529","328,316","±1,752","323,603","±1,872","990,405","±3,082","80,568","±989","399,919","±2,418","75,091","±880","547,198","±2,536","2,447,104","±6,630","331,819","±2,123","47,997","±550","679,918","±2,745","609,500","±3,108","137,744","±1,479","478,530","±2,127","46,565","±903","240,877","±1,442"
"            No health insurance coverage","1,617,527","±15,167","16,046","±1,308","6,360","±679","56,649","±2,250","15,232","±1,197","125,599","±3,525","26,522","±1,683","9,507","±970","3,094","±599","1,013","±258","135,509","±3,943","79,361","±3,006","2,860","±436","10,391","±818","38,912","±1,856","38,149","±1,644","8,069","±656","14,806","±1,069","17,116","±1,539","18,013","±1,287","5,412","±713","20,677","±1,318","8,718","±801","26,631","±1,285","18,353","±1,291","16,773","±1,241","32,555","±1,608","6,255","±661","10,060","±819","22,569","±1,519","3,361","±585","33,037","±1,803","11,692","±986","40,502","±1,858","54,040","±2,612","4,714","±620","47,308","±2,128","32,593","±1,263","12,536","±966","47,227","±2,357","1,876","±421","23,646","±1,538","5,385","±580","32,906","±1,843","357,715","±6,084","28,505","±1,562","794","±201","39,304","±1,781","19,305","±1,304","4,604","±554","20,013","±1,079","5,253","±658","8,554","±745"
"        19 to 25 years:","14,830,642","±17,554","226,328","±2,520","32,570","±781","331,463","±2,492","136,273","±1,257","1,824,646","±6,293","260,819","±2,210","165,079","±1,631","39,265","±864","32,879","±883","852,763","±4,968","478,223","±4,033","51,304","±1,083","82,527","±1,249","574,042","±2,521","325,141","±2,450","156,177","±1,269","142,398","±1,547","208,090","±1,973","202,450","±2,292","52,665","±744","253,872","±2,140","339,602","±2,314","480,488","±2,499","248,336","±1,723","135,887","±1,980","272,776","±2,067","50,754","±938","92,820","±1,060","127,746","±1,610","60,667","±962","389,653","±2,737","94,515","±1,439","901,308","±4,141","446,478","±3,189","41,976","±868","526,124","±2,722","186,488","±1,703","180,833","±2,204","561,078","±3,145","53,186","±959","218,306","±2,192","40,126","±831","302,708","±2,647","1,362,461","±5,921","180,277","±1,709","33,020","±565","372,547","±2,913","327,116","±2,412","79,973","±1,212","269,213","±1,569","25,206","±766","161,344","±1,629"
"            With health insurance coverage","12,452,341","±22,178","179,609","±2,472","24,458","±969","268,378","±2,923","111,722","±1,737","1,594,980","±7,189","226,385","±2,607","151,697","±1,807","35,427","±964","30,698","±1,069","653,256","±5,924","360,844","±4,143","46,786","±1,163","67,373","±1,663","496,409","±3,093","279,457","±2,685","139,848","±1,591","118,615","±1,720","183,742","±2,184","170,787","±2,809","45,334","±876","226,951","±2,179","321,763","±2,514","429,929","±2,798","227,584","±1,729","102,405","±2,005","222,123","±2,563","43,404","±1,071","79,043","±1,122","102,264","±2,109","54,324","±1,022","339,247","±3,024","75,195","±1,782","825,157","±3,860","357,191","±3,462","36,847","±1,003","463,315","±2,855","136,642","±2,049","157,319","±2,415","502,752","±3,517","48,985","±1,052","174,709","±2,509","31,749","±936","247,869","±2,542","940,011","±7,991","155,949","±1,847","30,692","±612","318,714","±2,848","286,217","±2,764","69,306","±1,437","238,993","±2,172","19,887","±815","143,457","±1,842"
"            No health insurance coverage","2,378,301","±23,627","46,719","±1,750","8,112","±786","63,085","±1,717","24,551","±1,556","229,666","±4,638","34,434","±1,643","13,382","±975","3,838","±562","2,181","±563","199,507","±4,817","117,379","±3,667","4,518","±577","15,154","±1,329","77,633","±2,232","45,684","±1,869","16,329","±1,141","23,783","±1,101","24,348","±1,490","31,663","±1,738","7,331","±632","26,921","±1,453","17,839","±1,357","50,559","±1,962","20,752","±1,189","33,482","±1,601","50,653","±2,092","7,350","±684","13,777","±964","25,482","±1,486","6,343","±690","50,406","±2,087","19,320","±1,202","76,151","±2,353","89,287","±3,196","5,129","±574","62,809","±2,039","49,846","±1,638","23,514","±1,438","58,326","±1,989","4,201","±636","43,597","±1,959","8,377","±657","54,839","±2,077","422,450","±6,765","24,328","±1,299","2,328","±327","53,833","±1,924","40,899","±1,916","10,667","±932","30,220","±1,373","5,319","±554","17,887","±1,111"
"        26 to 34 years:","19,722,253","±16,142","268,874","±2,410","47,580","±741","422,532","±2,083","167,425","±1,254","2,638,681","±5,195","399,115","±1,938","197,451","±1,329","54,272","±727","64,376","±734","1,184,828","±4,417","607,482","±3,532","80,379","±1,085","103,525","±1,221","770,742","±2,252","380,665","±2,103","177,726","±1,232","163,432","±1,444","248,152","±1,893","268,193","±2,134","72,384","±765","354,004","±1,824","436,504","±1,785","570,882","±2,134","341,836","±1,475","154,035","±1,821","351,929","±1,738","60,776","±822","111,669","±941","193,305","±1,583","78,332","±833","522,193","±2,187","120,888","±1,369","1,272,958","±3,891","570,080","±2,774","51,776","±780","673,020","±2,587","227,052","±1,525","265,467","±1,773","753,172","±2,243","67,721","±871","272,754","±1,923","51,420","±802","395,461","±2,496","1,818,041","±5,392","208,802","±1,501","33,804","±523","482,111","±2,900","512,091","±2,239","90,802","±1,203","327,286","±1,397","34,268","±745","175,146","±1,556"
"            With health insurance coverage","16,138,726","±36,649","207,339","±2,756","35,941","±904","339,846","±3,462","134,225","±1,957","2,259,162","±7,556","336,617","±2,500","172,266","±1,603","45,989","±971","60,610","±1,064","860,465","±5,879","447,504","±4,379","73,544","±1,046","81,467","±1,437","656,426","±3,803","318,978","±2,662","157,831","±1,407","134,868","±1,750","215,326","±2,175","211,441","±2,522","59,426","±964","306,702","±2,407","405,295","±2,217","493,214","±2,890","306,178","±2,104","110,322","±2,314","285,091","±2,606","50,209","±1,083","94,631","±1,116","154,284","±2,089","66,525","±1,202","434,560","±3,371","97,298","±1,528","1,105,130","±5,271","434,539","±3,887","43,574","±927","574,501","±3,854","162,739","±1,622","225,684","±2,558","656,924","±3,224","60,409","±1,218","206,578","±2,866","41,307","±785","303,482","±3,163","1,273,042","±7,576","176,692","±1,718","30,092","±570","399,997","±3,515","443,732","±3,242","75,426","±1,410","285,213","±2,080","26,085","±838","138,590","±2,073"
"            No health insurance coverage","3,583,527","±31,437","61,535","±2,114","11,639","±758","82,686","±2,720","33,200","±1,561","379,519","±5,883","62,498","±2,073","25,185","±1,403","8,283","±830","3,766","±944","324,363","±5,718","159,978","±3,575","6,835","±751","22,058","±1,087","114,316","±3,252","61,687","±1,754","19,895","±1,045","28,564","±1,386","32,826","±1,527","56,752","±2,143","12,958","±708","47,302","±1,621","31,209","±1,490","77,668","±2,327","35,658","±1,513","43,713","±1,982","66,838","±2,316","10,567","±842","17,038","±753","39,021","±1,703","11,807","±1,018","87,633","±2,478","23,590","±1,277","167,828","±3,874","135,541","±3,089","8,202","±824","98,519","±2,792","64,313","±1,570","39,783","±1,743","96,248","±2,735","7,312","±1,022","66,176","±2,629","10,113","±689","91,979","±2,850","544,999","±6,336","32,110","±1,261","3,712","±409","82,114","±2,713","68,359","±2,691","15,376","±1,101","42,073","±1,540","8,183","±746","36,556","±1,856"
"        35 to 44 years:","20,579,620","±7,291","284,680","±1,270","46,123","±694","429,199","±1,096","178,529","±1,066","2,642,911","±1,877","400,056","±1,217","212,041","±621","54,343","±447","50,966","±358","1,263,047","±1,664","651,491","±2,090","87,161","±628","114,671","±646","822,633","±1,034","409,365","±1,037","197,838","±656","178,558","±872","268,860","±1,080","279,319","±1,441","77,150","±430","379,865","±990","426,095","±668","583,601","±946","371,496","±841","169,186","±1,422","370,574","±1,239","66,562","±536","123,483","±658","203,589","±674","79,377","±408","585,723","±708","125,652","±880","1,237,803","±1,063","615,870","±1,598","48,937","±575","695,412","±1,455","241,993","±853","286,218","±866","758,318","±1,511","64,031","±395","291,544","±1,097","53,546","±568","410,851","±1,318","1,931,638","±2,689","225,249","±637","36,261","±348","526,602","±1,856","517,325","±1,015","105,745","±676","360,586","±762","37,547","±532","186,906","±731"
"            With health insurance coverage","17,460,959","±39,569","233,143","±2,190","38,673","±902","356,573","±2,609","149,658","±1,721","2,305,911","±5,486","345,874","±2,404","187,278","±1,520","48,225","±847","48,406","±601","975,297","±5,631","507,982","±4,098","81,397","±895","96,629","±1,202","719,390","±3,044","356,636","±2,013","180,262","±1,167","152,058","±1,331","239,472","±1,989","232,262","±2,459","67,069","±932","335,824","±2,211","403,962","±1,566","526,887","±1,804","342,687","±1,491","131,560","±1,962","312,402","±2,364","56,580","±986","107,735","±1,016","166,785","±1,647","70,537","±843","502,053","±2,732","104,265","±1,557","1,103,728","±3,364","490,957","±3,233","43,997","±785","620,206","±2,739","186,260","±1,656","252,189","±1,575","687,853","±2,736","57,882","±782","231,983","±2,391","45,675","±834","333,886","±2,606","1,429,335","±7,825","197,004","±1,158","32,776","±528","455,610","±2,785","456,529","±2,722","93,007","±998","326,694","±1,442","31,916","±658","160,875","±1,247"
"            No health insurance coverage","3,118,661","±37,534","51,537","±1,887","7,450","±602","72,626","±2,334","28,871","±1,595","337,000","±5,190","54,182","±2,164","24,763","±1,363","6,118","±780","2,560","±483","287,750","±5,613","143,509","±3,956","5,764","±621","18,042","±1,118","103,243","±2,899","52,729","±1,868","17,576","±1,027","26,500","±1,243","29,388","±1,741","47,057","±2,219","10,081","±818","44,041","±1,873","22,133","±1,404","56,714","±1,784","28,809","±1,167","37,626","±1,559","58,172","±2,157","9,982","±807","15,748","±862","36,804","±1,483","8,840","±793","83,670","±2,634","21,387","±1,252","134,075","±3,136","124,913","±3,232","4,940","±547","75,206","±2,442","55,733","±1,541","34,029","±1,435","70,465","±2,346","6,149","±692","59,561","±2,260","7,871","±652","76,965","±2,258","502,303","±7,526","28,245","±1,129","3,485","±481","70,992","±2,647","60,796","±2,441","12,738","±798","33,892","±1,329","5,631","±462","26,031","±1,249"
"        45 to 54 years:","20,319,954","±5,774","301,816","±958","45,067","±508","409,804","±854","176,299","±755","2,492,423","±1,402","357,450","±802","235,282","±526","57,454","±202","36,511","±189","1,324,921","±1,467","673,230","±1,683","85,050","±378","104,134","±667","804,800","±925","412,765","±1,032","186,070","±722","167,004","±775","279,975","±1,039","261,121","±903","88,189","±406","389,508","±823","445,676","±723","627,528","±819","345,793","±848","168,949","±1,247","361,547","±990","60,984","±399","111,600","±496","199,267","±634","92,439","±412","615,800","±870","116,821","±734","1,255,720","±1,089","655,174","±1,013","41,229","±495","723,499","±1,207","225,153","±767","258,196","±767","806,464","±1,285","68,456","±361","302,543","±902","48,157","±445","429,441","±1,063","1,742,242","±2,341","169,850","±567","39,876","±267","536,167","±1,359","469,771","±736","114,502","±553","365,312","±681","32,925","±473","199,684","±622"
"            With health insurance coverage","17,884,676","±29,363","259,802","±2,055","38,269","±815","349,602","±2,548","153,498","±1,390","2,215,938","±5,035","321,123","±1,680","217,783","±1,255","52,531","±601","34,740","±396","1,083,361","±5,330","561,802","±2,903","80,441","±608","88,855","±1,242","722,745","±2,418","371,910","±1,788","174,042","±1,201","146,363","±1,159","258,374","±1,379","228,996","±1,935","77,959","±776","358,599","±1,671","428,917","±1,249","582,422","±1,653","325,479","±1,365","141,306","±1,753","315,934","±1,805","53,919","±755","98,607","±776","168,070","±1,654","84,176","±1,006","552,186","±2,231","99,579","±1,272","1,155,354","±3,015","554,590","±2,639","37,522","±634","665,476","±2,459","181,042","±1,600","233,740","±1,587","747,051","±2,314","64,371","±681","253,891","±2,271","42,260","±520","366,158","±2,332","1,367,227","±6,041","150,622","±1,157","36,732","±457","480,109","±2,478","430,087","±1,579","103,079","±1,095","339,872","±1,231","28,165","±620","177,041","±1,153"
"            No health insurance coverage","2,435,278","±27,300","42,014","±1,901","6,798","±632","60,202","±2,418","22,801","±1,233","276,485","±5,053","36,327","±1,402","17,499","±1,222","4,923","±628","1,771","±372","241,560","±5,061","111,428","±2,874","4,609","±521","15,279","±1,106","82,055","±2,416","40,855","±1,607","12,028","±782","20,641","±996","21,601","±1,208","32,125","±1,723","10,230","±771","30,909","±1,630","16,759","±1,118","45,106","±1,713","20,314","±1,160","27,643","±1,364","45,613","±1,550","7,065","±570","12,993","±789","31,197","±1,506","8,263","±923","63,614","±2,150","17,242","±1,230","100,366","±2,851","100,584","±2,352","3,707","±460","58,023","±2,093","44,111","±1,403","24,456","±1,337","59,413","±2,199","4,085","±568","48,652","±2,039","5,897","±563","63,283","±1,966","375,015","±5,781","19,228","±1,113","3,144","±356","56,058","±2,104","39,684","±1,398","11,423","±859","25,440","±1,042","4,760","±531","22,643","±1,146"
"        55 to 64 years:","20,639,838","±5,147","319,122","±724","48,125","±304","409,215","±560","184,975","±643","2,335,700","±1,012","346,162","±602","252,252","±320","65,208","±126","32,521","±141","1,371,857","±955","620,848","±1,200","91,071","±225","108,354","±443","813,362","±797","428,055","±874","207,892","±562","183,323","±581","289,407","±656","285,884","±730","103,773","±268","396,647","±544","464,642","±457","689,019","±669","378,559","±497","179,666","±660","400,071","±635","73,914","±327","121,013","±404","188,954","±389","106,909","±268","615,063","±661","131,155","±404","1,295,220","±679","639,640","±954","48,394","±307","781,190","±912","236,043","±670","261,357","±610","889,293","±752","74,009","±317","320,865","±669","58,287","±312","430,293","±851","1,574,455","±1,358","151,035","±361","48,050","±215","537,984","±920","474,663","±568","124,936","±477","412,464","±535","38,942","±300","201,251","±177"
"            With health insurance coverage","18,868,305","±19,239","287,314","±1,701","42,143","±588","365,432","±1,763","169,750","±1,066","2,163,617","±3,872","320,349","±1,382","240,236","±1,031","61,475","±571","30,863","±347","1,187,066","±4,933","542,438","±2,305","87,183","±561","94,923","±998","754,807","±1,948","396,646","±1,472","198,055","±832","166,806","±1,010","273,882","±1,237","259,753","±1,803","94,814","±731","375,645","±1,251","451,301","±1,094","652,067","±1,697","360,917","±1,026","158,452","±1,248","361,041","±1,926","67,075","±640","112,111","±640","169,406","±1,121","100,138","±766","572,347","±2,038","117,442","±1,035","1,223,427","±2,609","571,603","±2,459","44,583","±449","730,494","±2,027","200,942","±1,340","243,308","±1,219","840,474","±1,695","71,376","±614","284,358","±1,583","53,158","±514","381,415","±1,911","1,320,311","±4,640","139,823","±973","45,752","±392","495,634","±1,813","444,583","±1,652","116,350","±984","390,925","±1,037","34,295","±565","182,988","±1,155"
"            No health insurance coverage","1,771,533","±18,526","31,808","±1,530","5,982","±469","43,783","±1,660","15,225","±878","172,083","±3,612","25,813","±1,282","12,016","±937","3,733","±559","1,658","±326","184,791","±5,048","78,410","±2,421","3,888","±495","13,431","±905","58,555","±1,869","31,409","±1,415","9,837","±634","16,517","±960","15,525","±1,034","26,131","±1,833","8,959","±640","21,002","±1,242","13,341","±1,007","36,952","±1,490","17,642","±897","21,214","±1,125","39,030","±1,634","6,839","±593","8,902","±527","19,548","±1,070","6,771","±667","42,716","±1,984","13,713","±945","71,793","±2,438","68,037","±2,246","3,811","±410","50,696","±1,953","35,101","±1,087","18,049","±1,093","48,819","±1,576","2,633","±509","36,507","±1,610","5,129","±444","48,878","±1,826","254,144","±4,524","11,212","±839","2,298","±342","42,350","±1,815","30,080","±1,719","8,586","±814","21,539","±1,041","4,647","±477","18,263","±1,137"
"        65 to 74 years:","14,703,506","±3,853","235,018","±721","31,660","±239","341,364","±427","139,015","±472","1,562,334","±894","247,331","±523","165,424","±343","52,330","±175","20,888","±158","1,126,022","±847","418,986","±1,276","75,313","±170","86,753","±377","550,484","±639","296,943","±799","150,144","±549","130,182","±456","209,927","±619","203,245","±659","81,873","±293","257,901","±520","314,404","±442","492,979","±534","257,586","±530","131,954","±626","282,572","±628","62,262","±289","86,101","±372","144,519","±319","74,179","±348","397,832","±508","105,902","±438","883,412","±709","472,088","±953","33,591","±203","556,491","±856","170,810","±450","217,978","±531","642,012","±696","51,347","±314","257,543","±519","43,898","±231","316,556","±677","1,037,242","±1,200","105,868","±297","37,382","±208","372,162","±818","347,430","±477","103,674","±445","290,130","±467","30,465","±283","168,959","±286"
"            With health insurance coverage","14,560,142","±5,208","233,236","±728","31,324","±242","338,515","±692","138,140","±566","1,539,874","±1,531","245,476","±674","163,557","±580","52,099","±225","20,746","±174","1,111,176","±1,632","413,900","±1,371","74,785","±221","86,294","±387","544,504","±896","295,125","±880","149,408","±603","129,484","±475","209,320","±669","201,698","±720","81,661","±291","255,467","±579","312,966","±566","490,515","±611","256,556","±610","131,361","±616","280,734","±731","61,969","±299","85,413","±360","142,548","±497","73,986","±345","393,399","±900","104,593","±579","873,109","±1,387","469,109","±970","33,349","±225","553,057","±961","169,260","±493","216,696","±655","638,062","±860","51,028","±296","256,050","±580","43,801","±233","313,818","±745","1,015,844","±1,938","104,929","±410","37,273","±212","368,060","±906","344,206","±592","103,358","±462","288,958","±564","30,346","±286","166,974","±494"
"            No health insurance coverage","143,364","±3,599","1,782","±422","336","±84","2,849","±488","875","±229","22,460","±1,361","1,855","±389","1,867","±450","231","±139","142","±93","14,846","±1,283","5,086","±831","528","±176","459","±139","5,980","±629","1,818","±298","736","±175","698","±185","607","±168","1,547","±321","212","±77","2,434","±443","1,438","±296","2,464","±352","1,030","±264","593","±160","1,838","±298","293","±71","688","±199","1,971","±399","193","±90","4,433","±655","1,309","±321","10,303","±1,108","2,979","±534","242","±117","3,434","±537","1,550","±316","1,282","±315","3,950","±563","319","±150","1,493","±354","97","±52","2,738","±486","21,398","±1,550","939","±284","109","±63","4,102","±625","3,224","±412","316","±120","1,172","±287","119","±74","1,985","±381"
"        75 years and over:","8,618,542","±3,879","130,381","±542","12,875","±201","230,387","±437","83,099","±480","948,413","±924","126,305","±438","101,690","±387","30,401","±170","12,542","±142","824,688","±817","222,018","±906","46,475","±241","48,540","±373","317,670","±791","164,052","±713","88,393","±484","74,542","±443","112,422","±469","109,953","±624","44,673","±301","149,487","±485","181,458","±595","278,876","±543","147,001","±530","71,829","±664","166,702","±579","34,199","±231","49,892","±328","82,404","±272","39,124","±305","242,241","±558","62,405","±369","533,756","±799","262,144","±871","19,304","±211","313,165","±740","100,711","±425","120,686","±491","380,206","±708","29,466","±301","141,011","±496","23,007","±216","174,311","±597","567,486","±1,101","61,111","±267","19,651","±164","213,556","±761","188,119","±545","58,261","±381","161,705","±483","15,749","±169","133,788","±315"
"            With health insurance coverage","8,576,835","±4,133","130,121","±550","12,787","±217","229,185","±616","82,801","±448","942,349","±1,209","125,857","±423","101,314","±419","30,342","±173","12,520","±147","819,453","±1,024","220,783","±929","46,359","±248","48,393","±385","316,212","±806","163,302","±749","88,151","±480","74,406","±439","112,193","±474","109,236","±634","44,665","±301","148,784","±565","180,998","±620","278,028","±594","146,642","±542","71,632","±676","166,361","±594","34,149","±232","49,747","±320","81,819","±360","39,069","±304","240,334","±652","62,103","±396","531,503","±960","261,280","±900","19,225","±212","311,887","±809","100,510","±438","120,270","±480","379,279","±750","29,310","±323","140,635","±502","22,970","±220","174,014","±600","560,467","±1,308","60,902","±276","19,623","±171","212,479","±791","187,069","±620","58,211","±383","161,360","±492","15,746","±168","132,871","±410"
"            No health insurance coverage","41,707","±1,778","260","±120","88","±79","1,202","±385","298","±121","6,064","±663","448","±132","376","±157","59","±47","22","±25","5,235","±630","1,235","±341","116","±57","147","±73","1,458","±323","750","±208","242","±96","136","±70","229","±78","717","±253","8","±7","703","±227","460","±169","848","±220","359","±166","197","±116","341","±116","50","±48","145","±80","585","±235","55","±35","1,907","±354","302","±154","2,253","±404","864","±233","79","±64","1,278","±300","201","±84","416","±186","927","±189","156","±130","376","±137","37","±35","297","±146","7,019","±857","209","±85","28","±36","1,077","±236","1,050","±306","50","±58","345","±106","3","±5","917","±262"
"    Female:","165,234,626","±9,533","2,546,805","±1,378","347,037","±633","3,528,412","±1,522","1,507,364","±1,330","19,635,786","±2,421","2,807,546","±1,347","1,820,064","±753","500,746","±430","355,552","±317","10,777,010","±2,366","5,397,189","±2,806","710,065","±775","893,649","±876","6,432,431","±1,458","3,375,151","±1,269","1,572,588","±1,016","1,448,112","±1,200","2,247,055","±1,449","2,353,563","±1,461","682,560","±585","3,127,396","±1,053","3,551,084","±861","5,048,459","±1,199","2,809,250","±1,059","1,509,488","±1,772","3,079,077","±1,675","527,185","±643","963,111","±714","1,509,949","±742","682,055","±585","4,661,486","±1,048","1,053,922","±1,142","10,214,896","±1,471","5,258,551","±2,140","370,433","±668","5,909,052","±1,616","1,963,111","±1,026","2,101,298","±1,044","6,510,369","±1,379","551,177","±634","2,582,120","±1,714","429,425","±769","3,468,387","±1,802","14,367,166","±3,889","1,590,733","±789","320,483","±430","4,289,547","±1,861","3,759,033","±1,302","895,618","±885","2,913,395","±1,111","278,685","±723","1,731,825","±943"
"        Under 6 years:","11,408,965","±13,644","172,675","±1,746","30,652","±608","243,154","±1,555","106,642","±1,273","1,379,088","±4,245","192,209","±1,603","106,764","±1,103","31,305","±707","24,510","±572","657,146","±3,594","378,485","±2,832","50,464","±620","68,066","±995","437,672","±2,117","245,014","±1,800","115,127","±1,037","109,468","±1,238","158,241","±1,382","174,526","±1,697","37,773","±723","214,958","±1,655","209,350","±1,646","332,637","±1,622","204,793","±1,342","107,146","±1,461","216,271","±1,900","35,052","±573","77,230","±879","107,064","±1,305","37,535","±609","310,703","±1,981","70,805","±1,066","674,714","±2,814","349,616","±2,434","31,137","±625","404,051","±2,231","150,268","±1,083","130,606","±1,098","411,133","±2,156","33,282","±698","168,080","±1,442","35,589","±625","239,028","±1,794","1,150,665","±4,330","144,562","±1,160","16,958","±374","294,164","±2,443","263,373","±1,757","54,104","±807","195,266","±1,466","19,844","±519","73,839","±1,110"
"            With health insurance coverage","10,908,413","±14,726","168,630","±1,816","28,162","±713","225,067","±1,637","101,706","±1,279","1,344,036","±4,520","184,932","±1,694","104,442","±1,213","30,244","±704","23,735","±588","618,237","±4,331","354,471","±3,511","49,284","±710","65,093","±1,172","426,595","±2,331","229,818","±2,144","112,015","±1,063","104,311","±1,309","152,302","±1,385","168,902","±1,925","36,494","±724","208,404","±1,751","206,867","±1,626","323,397","±1,838","199,784","±1,391","103,450","±1,461","202,939","±1,880","32,645","±646","73,766","±1,022","99,916","±1,443","36,703","±653","300,973","±2,008","67,546","±1,222","660,223","±2,888","334,090","±2,673","29,266","±724","386,067","±2,440","139,243","±1,306","127,200","±1,212","390,878","±2,437","32,574","±798","159,779","±1,605","33,330","±679","229,158","±1,973","1,051,258","±5,047","134,955","±1,526","16,709","±374","283,388","±2,282","256,731","±1,875","52,647","±881","187,863","±1,647","18,188","±517","71,713","±1,125"
"            No health insurance coverage","500,552","±8,475","4,045","±551","2,490","±420","18,087","±1,275","4,936","±626","35,052","±1,874","7,277","±750","2,322","±455","1,061","±289","775","±264","38,909","±2,394","24,014","±2,104","1,180","±304","2,973","±429","11,077","±1,027","15,196","±1,076","3,112","±426","5,157","±603","5,939","±708","5,624","±824","1,279","±198","6,554","±785","2,483","±481","9,240","±780","5,009","±511","3,696","±558","13,332","±1,065","2,407","±341","3,464","±469","7,148","±848","832","±239","9,730","±986","3,259","±622","14,491","±1,157","15,526","±1,159","1,871","±340","17,984","±979","11,025","±859","3,406","±507","20,255","±1,184","708","±317","8,301","±920","2,259","±433","9,870","±1,087","99,407","±3,399","9,607","±943","249","±88","10,776","±959","6,642","±650","1,457","±349","7,403","±719","1,656","±331","2,126","±441"
"        6 to 18 years:","27,034,415","±18,000","410,762","±2,244","62,229","±700","596,144","±2,330","256,307","±1,518","3,277,028","±4,815","459,913","±1,980","281,962","±1,444","77,797","±897","42,891","±699","1,547,579","±4,316","940,640","±3,665","107,840","±790","169,161","±1,291","1,059,909","±2,749","579,520","±2,343","269,512","±1,344","258,410","±1,576","368,826","±1,831","391,817","±1,910","93,917","±817","497,015","±2,116","523,435","±2,073","799,550","±2,328","479,759","±1,632","260,178","±2,065","500,747","±2,003","83,080","±750","171,717","±947","248,744","±1,640","98,959","±900","741,597","±2,172","180,636","±1,396","1,510,784","±3,231","851,223","±2,937","63,444","±890","958,484","±2,954","345,161","±1,283","319,230","±1,677","996,229","±3,043","79,552","±958","408,607","±1,753","76,672","±785","551,751","±2,510","2,696,690","±5,411","341,239","±1,366","45,231","±595","690,099","±2,928","602,449","±1,936","135,153","±1,069","476,124","±1,927","48,712","±725","240,391","±1,639"
"            With health insurance coverage","25,502,680","±21,642","396,027","±2,341","56,853","±974","540,518","±3,743","243,207","±1,744","3,156,587","±6,145","435,070","±2,126","273,764","±1,625","74,572","±992","42,181","±804","1,419,436","±5,502","864,742","±4,303","104,510","±873","158,076","±1,566","1,023,359","±2,902","540,712","±2,844","261,619","±1,472","243,872","±1,808","354,525","±2,009","375,173","±2,433","89,286","±928","478,447","±2,448","515,362","±2,135","773,697","±2,834","463,536","±1,878","244,723","±2,309","470,882","±2,741","77,706","±961","161,330","±1,364","227,065","±2,115","95,683","±1,018","709,035","±2,806","169,592","±1,581","1,472,508","±3,544","802,266","±3,548","59,062","±917","913,575","±3,682","314,513","±1,669","307,066","±1,995","951,531","±3,654","77,167","±1,050","386,742","±2,156","70,948","±820","521,528","±2,880","2,351,290","±8,060","316,913","±1,850","44,517","±631","655,051","±3,042","583,749","±2,351","130,889","±1,207","457,844","±2,098","44,374","±879","232,288","±1,856"
"            No health insurance coverage","1,531,735","±16,372","14,735","±1,305","5,376","±589","55,626","±2,916","13,100","±1,004","120,441","±3,556","24,843","±1,431","8,198","±838","3,225","±613","710","±280","128,143","±4,340","75,898","±2,894","3,330","±494","11,085","±966","36,550","±1,816","38,808","±1,734","7,893","±672","14,538","±996","14,301","±949","16,644","±1,348","4,631","±550","18,568","±1,255","8,073","±852","25,853","±1,462","16,223","±941","15,455","±1,257","29,865","±1,680","5,374","±577","10,387","±963","21,679","±1,439","3,276","±548","32,562","±1,638","11,044","±1,025","38,276","±1,836","48,957","±2,005","4,382","±513","44,909","±1,914","30,648","±1,255","12,164","±1,041","44,698","±2,256","2,385","±580","21,865","±1,508","5,724","±591","30,223","±1,812","345,400","±6,993","24,326","±1,490","714","±183","35,048","±1,815","18,700","±1,391","4,264","±638","18,280","±940","4,338","±624","8,103","±825"
"        19 to 25 years:","14,708,416","±16,022","226,522","±1,934","30,018","±658","322,436","±2,286","134,264","±1,564","1,794,549","±5,646","251,475","±1,999","163,496","±1,206","40,434","±844","40,998","±960","854,569","±5,023","489,012","±3,292","54,140","±864","78,146","±1,233","569,016","±2,670","314,463","±2,175","150,131","±1,267","139,080","±1,309","202,255","±1,804","207,802","±2,172","51,059","±688","258,872","±1,891","345,864","±2,271","461,511","±2,534","242,132","±1,615","137,062","±1,617","269,905","±2,125","45,857","±722","92,314","±1,119","123,997","±1,456","60,050","±985","380,202","±2,197","94,891","±1,580","919,689","±3,943","464,078","±2,996","40,312","±751","519,559","±3,127","179,800","±1,118","180,323","±1,562","558,702","±2,929","55,462","±1,064","217,095","±2,172","39,456","±748","308,044","±2,202","1,342,034","±5,620","175,056","±1,366","30,810","±611","376,347","±2,857","316,224","±2,139","73,214","±1,034","261,612","±1,614","24,077","±604","158,642","±1,799"
"            With health insurance coverage","12,859,346","±19,840","188,845","±2,223","24,869","±852","269,479","±2,747","117,407","±1,547","1,630,332","±5,955","225,774","±2,360","154,158","±1,413","37,046","±919","39,793","±963","689,015","±6,205","388,614","±4,159","50,118","±937","66,482","±1,335","514,702","±3,059","279,436","±2,156","140,683","±1,471","120,219","±1,652","187,192","±2,145","185,663","±2,310","45,943","±920","238,794","±2,189","333,281","±2,656","428,441","±2,781","227,820","±1,671","108,098","±1,799","229,287","±2,407","41,114","±754","81,331","±1,348","104,009","±1,806","55,837","±962","341,229","±2,859","81,877","±1,753","864,481","±4,433","396,523","±3,494","36,428","±865","475,267","±3,070","138,234","±1,532","164,533","±1,843","517,322","±3,202","52,272","±1,085","183,360","±2,422","33,058","±870","266,448","±2,375","971,652","±7,326","155,997","±1,683","29,310","±666","333,954","±2,884","287,607","±2,389","65,934","±1,069","240,395","±1,841","19,683","±752","146,827","±1,830"
"            No health insurance coverage","1,849,070","±18,593","37,677","±1,812","5,149","±588","52,957","±2,235","16,857","±1,076","164,217","±3,459","25,701","±1,403","9,338","±796","3,388","±545","1,205","±269","165,554","±3,898","100,398","±3,120","4,022","±565","11,664","±1,043","54,314","±1,893","35,027","±1,606","9,448","±723","18,861","±1,215","15,063","±1,181","22,139","±1,432","5,116","±573","20,078","±1,245","12,583","±1,075","33,070","±1,630","14,312","±896","28,964","±1,522","40,618","±1,673","4,743","±504","10,983","±716","19,988","±1,216","4,213","±442","38,973","±1,977","13,014","±1,045","55,208","±2,363","67,555","±2,567","3,884","±477","44,292","±1,797","41,566","±1,437","15,790","±1,170","41,380","±1,453","3,190","±599","33,735","±1,432","6,398","±577","41,596","±1,790","370,382","±5,299","19,059","±1,166","1,500","±287","42,393","±1,823","28,617","±1,420","7,280","±775","21,217","±951","4,394","±559","11,815","±1,031"
"        26 to 34 years:","20,043,106","±14,206","292,361","±1,788","48,439","±649","415,367","±2,190","173,177","±1,529","2,578,475","±4,650","381,598","±1,783","197,788","±1,158","57,405","±655","74,364","±723","1,204,940","±3,978","658,935","±3,109","84,614","±764","102,656","±1,171","781,207","±2,345","391,359","±1,862","173,243","±1,164","164,024","±1,034","254,296","±1,836","292,695","±1,822","73,757","±652","374,921","±1,936","444,999","±1,626","575,847","±2,042","334,356","±1,356","171,356","±1,580","366,870","±1,627","61,358","±747","111,281","±859","194,241","±1,340","74,432","±837","524,814","±1,838","120,088","±1,399","1,304,863","±3,229","620,044","±2,442","46,340","±786","684,435","±2,484","235,249","±1,145","262,729","±1,294","752,954","±2,139","65,723","±885","299,588","±2,006","48,155","±727","421,961","±1,879","1,843,969","±4,336","205,455","±1,023","34,195","±412","513,124","±2,464","499,536","±1,798","92,058","±929","325,530","±1,372","31,935","±628","186,879","±1,485"
"            With health insurance coverage","17,494,136","±30,392","244,557","±2,419","40,686","±796","358,696","±2,571","151,096","±1,900","2,340,345","±5,626","338,991","±2,361","181,982","±1,462","52,618","±751","71,823","±857","963,689","±5,561","528,615","±4,063","79,194","±927","86,301","±1,543","705,031","±3,065","345,706","±2,241","161,048","±1,436","141,329","±1,444","233,459","±1,912","262,614","±2,484","65,580","±955","342,310","±2,301","429,290","±2,032","532,478","±2,356","313,476","±1,554","136,978","±1,881","311,464","±2,503","53,959","±850","97,127","±1,027","163,486","±1,954","67,546","±1,018","463,628","±2,490","105,874","±1,338","1,205,332","±4,191","517,626","±3,074","41,596","±760","623,662","±3,191","182,617","±1,785","237,248","±1,802","693,574","±2,850","61,571","±956","252,795","±2,607","40,675","±779","364,030","±2,513","1,368,755","±7,765","180,076","±1,605","32,197","±473","458,046","±2,653","454,485","±2,741","82,986","±1,097","299,637","±1,756","26,252","±710","170,201","±2,104"
"            No health insurance coverage","2,548,970","±26,100","47,804","±1,840","7,753","±620","56,671","±2,280","22,081","±1,208","238,130","±4,040","42,607","±1,759","15,806","±1,100","4,787","±535","2,541","±457","241,251","±4,526","130,320","±3,476","5,420","±654","16,355","±1,134","76,176","±2,647","45,653","±1,591","12,195","±952","22,695","±1,117","20,837","±1,249","30,081","±1,738","8,177","±734","32,611","±1,349","15,709","±1,230","43,369","±1,721","20,880","±1,130","34,378","±1,844","55,406","±2,135","7,399","±584","14,154","±808","30,755","±1,486","6,886","±599","61,186","±2,020","14,214","±968","99,531","±3,120","102,418","±2,764","4,744","±517","60,773","±2,177","52,632","±1,584","25,481","±1,472","59,380","±2,233","4,152","±530","46,793","±2,132","7,480","±501","57,931","±2,447","475,214","±7,070","25,379","±1,165","1,998","±307","55,078","±1,853","45,051","±2,038","9,072","±874","25,893","±1,130","5,683","±545","16,678","±1,421"
"        35 to 44 years:","21,012,042","±5,503","313,465","±898","45,841","±459","430,064","±733","187,525","±841","2,611,056","±1,240","385,559","±805","221,275","±313","58,312","±270","53,739","±151","1,303,822","±1,312","718,720","±1,641","90,515","±390","114,184","±664","830,610","±666","418,002","±973","190,040","±697","178,822","±750","277,436","±901","300,392","±1,075","79,684","±329","407,899","±598","440,356","±396","593,486","±675","360,331","±620","189,687","±1,040","377,935","±1,047","64,153","±468","120,340","±421","201,315","±392","79,347","±358","597,225","±420","127,850","±714","1,278,073","±781","665,194","±1,221","44,011","±459","710,810","±895","246,181","±625","282,425","±613","771,158","±727","64,997","±360","316,466","±858","51,070","±514","432,595","±1,038","1,956,780","±2,121","218,710","±474","37,664","±272","560,850","±1,332","507,004","±679","106,528","±552","356,597","±582","35,942","±520","211,953","±451"
"            With health insurance coverage","18,591,687","±26,289","270,072","±1,766","40,071","±800","372,844","±2,197","165,617","±1,300","2,366,717","±4,721","348,292","±1,915","205,596","±1,110","54,149","±663","52,083","±413","1,080,831","±4,591","590,417","±3,630","86,907","±610","99,225","±1,119","750,828","±2,498","376,572","±1,963","177,546","±1,029","156,611","±1,342","257,650","±1,559","269,125","±2,132","73,096","±695","375,587","±1,508","428,263","±1,016","555,908","±1,511","340,626","±1,073","159,059","±1,446","331,442","±1,855","57,446","±752","107,833","±760","170,796","±1,565","73,546","±659","532,067","±2,345","111,232","±1,122","1,192,382","±2,870","564,410","±2,289","41,156","±625","659,165","±2,083","198,465","±1,473","258,232","±1,475","721,905","±2,053","62,145","±630","271,674","±2,128","44,376","±659","377,510","±2,021","1,497,486","±5,898","195,119","±1,123","36,239","±338","506,555","±2,486","464,761","±1,716","98,191","±914","333,218","±1,182","30,644","±654","196,420","±1,173"
"            No health insurance coverage","2,420,355","±25,956","43,393","±1,711","5,770","±661","57,220","±2,018","21,908","±1,252","244,339","±4,634","37,267","±1,660","15,679","±1,083","4,163","±622","1,656","±411","222,991","±4,403","128,303","±3,353","3,608","±475","14,959","±1,089","79,782","±2,507","41,430","±1,505","12,494","±942","22,211","±1,149","19,786","±1,119","31,267","±1,988","6,588","±546","32,312","±1,399","12,093","±928","37,578","±1,425","19,705","±1,019","30,628","±1,419","46,493","±1,884","6,707","±624","12,507","±739","30,519","±1,497","5,801","±602","65,158","±2,339","16,618","±959","85,691","±2,895","100,784","±2,244","2,855","±445","51,645","±1,912","47,716","±1,366","24,193","±1,391","49,253","±1,926","2,852","±543","44,792","±2,060","6,694","±497","55,085","±2,024","459,294","±6,106","23,591","±1,110","1,425","±235","54,295","±2,159","42,243","±1,726","8,337","±756","23,379","±990","5,298","±630","15,533","±1,047"
"        45 to 54 years:","20,820,509","±5,105","322,469","±780","41,070","±415","417,759","±455","182,789","±651","2,500,444","±830","346,702","±683","248,965","±289","62,461","±113","36,242","±75","1,374,930","±915","718,592","±1,331","86,191","±314","101,471","±659","818,509","±608","416,923","±780","182,850","±628","165,971","±567","285,226","±811","282,473","±739","89,926","±286","420,518","±506","468,152","±433","642,375","±542","338,455","±642","187,089","±1,046","373,130","±874","59,318","±394","107,834","±414","193,107","±430","93,610","±279","639,639","±540","120,961","±616","1,318,958","±630","690,408","±1,095","38,920","±384","738,052","±721","227,278","±601","254,340","±534","823,267","±703","71,529","±333","326,693","±690","46,589","±409","445,619","±876","1,778,343","±1,924","164,493","±494","40,934","±255","561,387","±1,200","460,876","±581","114,744","±444","360,501","±564","31,427","±401","227,274","±418"
"            With health insurance coverage","18,726,753","±22,889","282,219","±1,990","35,661","±593","364,782","±2,123","164,278","±1,347","2,275,734","±3,699","317,245","±1,443","234,593","±931","58,274","±517","34,995","±326","1,162,174","±4,690","613,849","±2,991","82,717","±586","88,221","±994","751,609","±2,420","382,020","±1,693","173,479","±851","148,139","±1,016","268,586","±1,423","257,775","±1,594","82,730","±624","396,486","±1,368","455,886","±1,258","606,274","±1,506","322,159","±1,035","158,142","±1,668","331,503","±1,567","53,317","±638","97,577","±690","168,510","±1,316","87,694","±708","586,733","±1,987","106,619","±1,112","1,245,108","±2,599","600,729","±3,152","35,724","±528","691,978","±1,445","188,000","±1,277","235,331","±1,272","774,421","±2,108","67,818","±627","285,578","±1,522","41,735","±539","392,280","±1,896","1,419,899","±5,689","146,561","±972","39,121","±374","512,718","±2,195","427,611","±1,384","105,183","±906","340,170","±1,093","26,808","±498","211,564","±1,036"
"            No health insurance coverage","2,093,756","±21,653","40,250","±1,886","5,409","±431","52,977","±2,027","18,511","±1,281","224,710","±3,528","29,457","±1,425","14,372","±930","4,187","±497","1,247","±321","212,756","±4,618","104,743","±2,943","3,474","±479","13,250","±942","66,900","±2,266","34,903","±1,705","9,371","±564","17,832","±958","16,640","±1,181","24,698","±1,378","7,196","±530","24,032","±1,295","12,266","±1,226","36,101","±1,539","16,296","±840","28,947","±1,432","41,627","±1,516","6,001","±480","10,257","±685","24,597","±1,371","5,916","±652","52,906","±1,953","14,342","±997","73,850","±2,490","89,679","±2,782","3,196","±391","46,074","±1,386","39,278","±1,202","19,009","±1,199","48,846","±1,997","3,711","±566","41,115","±1,465","4,854","±469","53,339","±1,825","358,444","±5,667","17,932","±1,043","1,813","±291","48,669","±1,832","33,265","±1,449","9,561","±772","20,331","±1,042","4,619","±419","15,710","±986"
"        55 to 64 years:","21,823,495","±4,085","347,408","±635","44,575","±288","442,778","±372","197,308","±551","2,426,887","±729","358,713","±496","265,925","±244","73,047","±77","35,192","±97","1,501,740","±661","680,572","±1,059","93,250","±107","112,062","±394","851,969","±611","446,238","±680","209,557","±476","189,623","±625","308,187","±633","312,930","±506","109,578","±262","432,340","±436","492,510","±436","717,570","±482","379,772","±471","199,281","±486","422,597","±596","76,574","±284","122,087","±404","190,039","±277","108,719","±255","649,760","±474","141,945","±412","1,387,950","±557","700,082","±785","46,478","±285","822,870","±869","250,436","±424","277,256","±453","932,302","±562","79,493","±277","357,979","±661","57,736","±286","467,152","±733","1,653,892","±1,134","153,964","±384","49,767","±218","573,971","±889","485,976","±459","130,598","±406","416,407","±536","38,453","±291","239,217","±118"
"            With health insurance coverage","20,117,042","±16,010","317,231","±1,618","40,082","±417","399,830","±1,683","184,568","±1,071","2,270,967","±3,263","335,313","±1,339","254,841","±1,060","69,566","±559","34,305","±224","1,312,127","±4,667","598,159","±3,023","89,422","±396","99,609","±787","796,442","±1,807","417,408","±1,583","200,598","±724","172,774","±1,055","293,422","±1,135","287,968","±1,747","100,777","±655","413,471","±1,190","481,061","±988","683,132","±1,543","363,656","±1,205","177,681","±1,210","384,423","±1,628","69,135","±630","113,077","±708","171,224","±1,153","103,332","±564","606,984","±2,312","128,132","±1,147","1,331,529","±2,332","630,694","±2,037","44,029","±435","773,967","±2,258","215,990","±1,419","259,789","±1,099","888,763","±1,668","77,449","±472","322,275","±1,547","53,242","±517","420,636","±1,811","1,392,469","±5,060","141,881","±848","48,129","±348","531,772","±2,013","458,331","±1,136","122,588","±771","398,542","±854","34,250","±561","223,138","±922"
"            No health insurance coverage","1,706,453","±14,875","30,177","±1,464","4,493","±386","42,948","±1,711","12,740","±953","155,920","±3,231","23,400","±1,240","11,084","±1,043","3,481","±546","887","±222","189,613","±4,590","82,413","±2,944","3,828","±393","12,453","±838","55,527","±1,732","28,830","±1,495","8,959","±617","16,849","±1,019","14,765","±937","24,962","±1,642","8,801","±622","18,869","±1,021","11,449","±1,007","34,438","±1,491","16,116","±1,127","21,600","±1,170","38,174","±1,501","7,439","±576","9,010","±586","18,815","±1,068","5,387","±532","42,776","±2,201","13,813","±1,041","56,421","±2,224","69,388","±2,033","2,449","±306","48,903","±1,920","34,446","±1,237","17,467","±1,030","43,539","±1,615","2,044","±339","35,704","±1,371","4,494","±486","46,516","±1,598","261,423","±4,970","12,083","±770","1,638","±301","42,199","±1,802","27,645","±1,105","8,010","±677","17,865","±768","4,203","±520","16,079","±933"
"        65 to 74 years:","16,557,058","±3,988","271,362","±547","29,398","±263","385,176","±370","157,631","±515","1,769,483","±824","266,858","±508","187,630","±365","60,421","±131","27,238","±121","1,297,660","±825","496,249","±905","79,455","±156","90,024","±399","622,977","±629","331,065","±741","159,022","±493","139,702","±524","234,703","±726","233,978","±586","87,976","±279","304,983","±428","361,115","±501","543,779","±530","272,845","±453","152,589","±577","320,014","±646","62,180","±235","92,394","±338","155,440","±309","78,368","±291","459,478","±558","117,375","±381","1,023,089","±776","549,592","±773","33,390","±406","622,232","±898","191,440","±437","239,976","±594","715,178","±635","57,118","±292","298,977","±523","43,528","±271","359,760","±629","1,172,965","±1,270","113,260","±373","39,387","±249","424,143","±849","379,306","±526","111,855","±400","303,809","±464","29,485","±303","207,620","±209"
"            With health insurance coverage","16,396,886","±5,622","270,217","±563","28,911","±290","381,465","±767","157,080","±543","1,746,440","±1,497","264,749","±581","186,113","±456","60,019","±185","27,021","±161","1,279,102","±1,611","491,245","±1,089","79,012","±201","89,680","±437","615,681","±941","329,131","±781","158,400","±516","138,795","±533","233,782","±725","232,730","±651","87,850","±285","301,343","±669","359,443","±613","541,751","±574","271,951","±481","151,868","±648","318,344","±712","61,820","±281","91,970","±328","152,770","±508","77,715","±368","453,396","±850","115,665","±514","1,012,133","±1,342","545,793","±987","33,296","±405","618,841","±971","189,335","±530","238,377","±676","711,693","±854","56,649","±376","297,580","±637","43,340","±285","357,527","±793","1,147,293","±2,011","111,966","±469","39,214","±233","418,917","±906","376,162","±741","111,203","±476","302,722","±526","29,386","±316","205,579","±356"
"            No health insurance coverage","160,172","±3,960","1,145","±265","487","±156","3,711","±643","551","±181","23,043","±1,273","2,109","±415","1,517","±311","402","±146","217","±106","18,558","±1,426","5,004","±685","443","±131","344","±130","7,296","±827","1,934","±340","622","±156","907","±223","921","±240","1,248","±270","126","±64","3,640","±508","1,672","±326","2,028","±279","894","±220","721","±238","1,670","±326","360","±147","424","±134","2,670","±406","653","±275","6,082","±627","1,710","±351","10,956","±1,193","3,799","±539","94","±47","3,391","±495","2,105","±422","1,599","±388","3,485","±524","469","±258","1,397","±317","188","±74","2,233","±485","25,672","±1,487","1,294","±308","173","±74","5,226","±591","3,144","±532","652","±287","1,087","±297","99","±75","2,041","±309"
"        75 years and over:","11,826,620","±5,036","189,781","±578","14,815","±244","275,534","±410","111,721","±634","1,298,776","±1,206","164,519","±598","146,259","±471","39,564","±194","20,378","±181","1,034,624","±868","315,984","±773","63,596","±210","57,879","±468","460,562","±1,142","232,567","±817","123,106","±681","103,012","±506","157,885","±606","156,950","±635","58,890","±369","215,890","±672","265,303","±757","381,704","±616","196,807","±676","105,100","±589","231,608","±848","39,613","±320","67,914","±350","96,002","±304","51,035","±346","358,068","±708","79,371","±354","796,776","±1,069","368,314","±952","26,401","±237","448,559","±1,156","137,298","±451","154,413","±476","549,446","±1,087","44,021","±332","188,635","±506","30,630","±310","242,477","±872","771,828","±1,110","73,994","±364","25,537","±198","295,462","±775","244,289","±585","77,364","±441","217,549","±596","18,810","±215","186,010","±444"
"            With health insurance coverage","11,757,356","±5,230","189,207","±607","14,766","±243","273,458","±638","111,468","±616","1,289,607","±1,299","163,686","±641","145,510","±544","39,414","±218","20,327","±189","1,024,949","±1,352","313,840","±819","63,389","±231","57,657","±478","457,569","±1,234","231,601","±844","122,983","±676","102,802","±516","157,645","±603","156,458","±689","58,879","±369","213,911","±752","264,505","±829","380,671","±645","196,345","±661","104,956","±601","230,833","±812","39,469","±320","67,751","±358","94,922","±408","50,947","±342","354,996","±950","78,854","±426","792,288","±1,434","366,641","±1,069","26,374","±237","446,970","±1,191","136,670","±474","153,770","±533","547,737","±1,164","43,751","±355","188,335","±509","30,585","±318","241,788","±895","760,274","±1,384","73,673","±382","25,507","±196","293,313","±895","243,183","±615","77,221","±434","217,113","±621","18,788","±214","184,946","±519"
"            No health insurance coverage","69,264","±2,577","574","±241","49","±36","2,076","±512","253","±115","9,169","±787","833","±231","749","±211","150","±76","51","±52","9,675","±1,039","2,144","±432","207","±97","222","±110","2,993","±420","966","±241","123","±48","210","±94","240","±95","492","±169","11","±16","1,979","±373","798","±231","1,033","±277","462","±160","144","±80","775","±237","144","±72","163","±74","1,080","±325","88","±49","3,072","±568","517","±289","4,488","±750","1,673","±448","27","±21","1,589","±244","628","±153","643","±227","1,709","±350","270","±191","300","±113","45","±32","689","±212","11,554","±1,121","321","±139","30","±28","2,149","±406","1,106","±249","143","±128","436","±150","22","±25","1,064","±207"